Checkpoint,reference_2019_09_01,reference_2019_09_02,reference_2019_09_03,reference_2019_09_04,reference_2019_09_05,reference_2019_09_06,reference_2019_09_07,reference_2019_09_08,reference_2019_09_09,reference_2019_09_10,reference_2019_09_11,reference_2019_09_12,reference_2019_09_13,reference_2019_09_14,reference_2019_09_15,reference_2019_09_16,reference_2019_09_17,reference_2019_09_18,reference_2019_09_19,reference_2019_09_20,reference_2019_09_21,reference_2019_09_22,reference_2019_09_23,reference_2019_09_24,reference_2019_09_25,reference_2021_09_01,reference_2021_09_02,reference_2021_09_03,reference_2021_09_04,reference_2021_09_05,reference_2021_09_06,reference_2021_09_07,reference_2021_09_08,reference_2021_09_09,reference_2021_09_10,reference_2021_09_11,reference_2021_09_12,reference_2021_09_13,reference_2021_09_14,reference_2021_09_15,reference_2021_09_16,reference_2021_09_17,reference_2021_09_18,reference_2021_09_19,reference_2021_09_20,reference_2021_09_21,reference_2021_09_22,reference_2021_09_23,reference_2021_09_24,reference_2021_09_25,reference_2022_09_01,reference_2022_09_02,reference_2022_09_03,reference_2022_09_04,reference_2022_09_05,reference_2022_09_06,reference_2022_09_07,reference_2022_09_08,reference_2022_09_09,reference_2022_09_10,reference_2022_09_11,reference_2022_09_12,reference_2022_09_13,reference_2022_09_14,reference_2022_09_15,reference_2022_09_16,reference_2022_09_17,reference_2022_09_18,reference_2022_09_19,reference_2022_09_20,reference_2022_09_21,reference_2022_09_22,reference_2022_09_23,min_msl_Ian,reference_2022_09_25
1,13.171640625,1.18359375,1.87453125,4.36546875,4.332421875,4.59734375,0.044921875,1.727578125,1.229453125,3.468515625,11.150078125,24.055,8.032265625,1.7021875,1.43125,1.511015625,3.248671875,2.591796875,1.43734375,0.63359375,0.465625,0.773046875,2.345703125,0.545625,0.754921875,0.717890625,1.545703125,0.46375,3.97984375,6.2225,0.765859375,2.845625,4.249375,3.033125,0.7021875,4.165703125,0.837265625,0.7915625,0.285,1.277109375,0.9215625,0.5646875,2.092265625,0.328125,0.735859375,1.373046875,3.30984375,2.41921875,0.281171875,1.336171875,1.24984375,3.884765625,1.441015625,3.457578125,3.584140625,1.598125,5.41828125,2.306015625,4.145,5.88171875,5.559921875,3.6646875,0.49078125,4.926328125,0.15546875,6.114453125,9.9715625,9.24859375,0.953125,0.856328125,0.99046875,4.23265625,26.05953125,22.532109375,23.43734375
2,10.4909375,3.138046875,4.827578125,6.648046875,10.70609375,7.757109375,3.7728125,0.053984375,0.36109375,2.787890625,10.436171875,23.24765625,4.228671875,0.421484375,1.20625,2.842578125,4.053203125,8.518203125,2.1234375,1.925390625,0.2090625,0.33,1.181171875,3.46515625,4.76109375,7.418359375,13.560625,3.84265625,1.046796875,2.637109375,4.378203125,5.7896875,5.92203125,5.70296875,3.032578125,1.775625,0.648046875,2.58828125,2.102578125,2.169140625,5.209375,5.386484375,1.300078125,1.68,3.517890625,5.750078125,6.82859375,5.34734375,4.976015625,4.1178125,4.037109375,6.85125,2.771875,0.58515625,0.76375,4.9828125,6.315625,3.3203125,6.1221875,7.912265625,5.539296875,1.342109375,0.376015625,2.619453125,1.479921875,4.770234375,7.71328125,5.9934375,2.563515625,1.39359375,1.67921875,2.840234375,26.971328125,21.31984375,21.499453125
3,16.659296875,2.816640625,23.74859375,27.854375,32.502734375,21.109375,11.22421875,3.021328125,5.3190625,9.187734375,16.127265625,27.32640625,8.270234375,4.898828125,4.95125,1.70578125,1.22734375,14.82578125,11.83671875,3.3290625,3.9378125,4.220390625,3.828125,0.83796875,1.615546875,2.70984375,5.83578125,1.3978125,5.93640625,4.015859375,2.313515625,1.851640625,2.742578125,2.11359375,0.190625,6.88703125,4.169765625,1.727265625,2.119765625,3.197265625,0.763671875,0.712890625,5.522734375,4.69828125,2.161484375,1.8678125,1.184140625,1.61234375,1.9528125,3.10375,1.058984375,1.461796875,3.71609375,7.736953125,7.26421875,1.00140625,1.179375,2.36953125,1.47296875,1.515625,0.75890625,3.2453125,3.8428125,1.742578125,3.0075,8.929921875,12.846171875,9.982421875,1.5509375,2.61203125,2.6234375,6.30203125,30.49734375,27.779765625,26.204375
4,5.073515625,9.67421875,26.12078125,27.38796875,21.901640625,6.631796875,0.49671875,1.812421875,2.52328125,5.140546875,13.172109375,25.80078125,2.636640625,2.81765625,5.704921875,3.068671875,3.8384375,1.22484375,0.51828125,1.13875,2.673515625,2.00234375,4.76671875,1.04859375,2.53859375,1.5109375,3.461640625,1.098828125,5.014140625,5.754296875,1.4428125,3.16328125,2.855390625,2.9465625,0.3734375,2.277265625,1.77390625,2.7871875,0.98046875,1.1834375,3.61953125,0.459375,5.5709375,5.1853125,0.510703125,1.435390625,1.641640625,1.220390625,0.811875,0.79765625,2.17546875,3.699609375,2.047109375,6.581484375,4.432265625,0.5871875,2.435390625,1.73515625,2.54203125,4.544140625,1.15234375,2.41203125,3.24328125,0.11875,0.01125,5.101875,8.939140625,7.226171875,2.8903125,2.319609375,3.87203125,3.542265625,29.260234375,6.75828125,25.402734375
5,12.766484375,2.055390625,6.384140625,5.53859375,5.84890625,4.685546875,7.102578125,3.0903125,4.275078125,8.586875,15.662890625,25.775546875,1.901484375,4.610625,3.45484375,0.31890625,2.329609375,26.982890625,39.090390625,1.53203125,3.123828125,3.6609375,0.30875,3.1759375,3.00578125,1.695859375,0.3225,0.969921875,5.612265625,5.02515625,2.90296875,3.101640625,3.7434375,5.038984375,0.5734375,4.416171875,1.8646875,0.561875,2.803671875,2.891640625,0.23125,0.182890625,4.113125,3.648125,1.544296875,0.906328125,1.076015625,0.43171875,0.4728125,1.1828125,2.281015625,3.279140625,2.756640625,7.110390625,4.021015625,2.081171875,4.35140625,0.405,2.479765625,2.1428125,0.683125,2.500390625,2.09515625,0.111875,2.875078125,8.000546875,11.423671875,8.302578125,0.114609375,1.631328125,1.961484375,6.166484375,29.185703125,18.164609375,24.885234375
6,14.42625,0.134453125,5.408984375,28.583125,12.524375,5.76546875,3.161328125,2.070390625,0.72140625,7.78953125,16.45796875,26.63984375,7.9115625,2.40921875,5.253828125,2.460859375,1.166171875,0.64328125,30.813515625,1.796640625,4.91171875,5.327890625,3.318125,3.527578125,6.242734375,1.22,2.90015625,1.499765625,2.6684375,8.33734375,1.206171875,0.06859375,3.60234375,5.598046875,1.49953125,6.30546875,3.959296875,2.06390625,3.823359375,3.47296875,0.189765625,1.505859375,7.124453125,5.19171875,3.66421875,3.30859375,2.698515625,0.740859375,0.291015625,0.220859375,0.0225,0.879140625,5.89625,8.153671875,5.631015625,0.406328125,1.034609375,1.226796875,0.7825,2.152890625,1.193984375,1.938203125,1.865703125,0.544921875,3.033046875,9.04609375,12.91828125,9.803671875,1.19875,2.3546875,0.54375,25.029765625,9.95484375,24.170703125,26.904296875
7,12.493515625,2.0159375,6.15109375,13.856875,5.761796875,5.74734375,4.498203125,1.664453125,2.21078125,6.58859375,14.300546875,23.8828125,5.758125,1.4678125,2.268046875,1.25140625,4.436171875,6.808671875,0.41,0.45203125,2.30609375,4.251484375,1.722578125,3.176875,6.30453125,0.83859375,0.66765625,0.606640625,3.713671875,4.052109375,3.40984375,3.969765625,5.14390625,3.421875,1.49953125,4.300703125,1.695078125,0.550859375,0.50375,0.415078125,4.093125,1.97,4.426875,2.903203125,0.463984375,0.2725,1.587734375,3.211640625,2.661171875,2.19734375,2.7634375,4.3475,1.3378125,7.133671875,4.2509375,1.764140625,1.996640625,3.90765625,4.8228125,1.829921875,0.779765625,0.6103125,0.74953125,3.1853125,1.058671875,5.53390625,10.377109375,7.036875,1.333828125,2.784921875,1.721484375,10.89328125,20.664453125,16.734140625,23.09828125
8,7.36859375,22.257265625,29.118984375,10.456640625,5.92578125,3.891328125,2.649296875,1.6725,1.54484375,6.944375,13.077890625,21.6646875,4.100859375,2.449765625,3.499765625,2.512890625,2.8165625,2.946796875,1.93625,1.963984375,3.308203125,5.254140625,0.69328125,3.426640625,4.658203125,6.931484375,8.178046875,0.816484375,4.449921875,3.115390625,4.613046875,6.293984375,7.11015625,6.427421875,2.723046875,1.38734375,3.8459375,4.653828125,0.253671875,1.93171875,8.14234375,4.529453125,2.405,0.22671875,1.922734375,1.22828125,1.35203125,3.95625,3.2365625,0.404921875,4.398203125,4.890703125,0.191875,4.679140625,4.119140625,1.12875,4.135078125,3.8646875,6.910859375,6.456875,4.040625,0.65796875,1.22671875,2.82265625,0.074609375,4.6859375,8.89859375,7.680625,1.53265625,4.4175,7.489609375,3.627265625,26.319609375,5.041328125,22.421171875
9,13.353515625,1.431875,4.159921875,25.963671875,2.497421875,3.84078125,0.790390625,0.788359375,3.41375,7.009375,15.2378125,26.8078125,7.0796875,2.219765625,3.54984375,1.28609375,1.117734375,1.17390625,0.510859375,2.243515625,4.246484375,6.466484375,3.155625,0.389140625,2.0565625,1.279765625,0.553671875,2.060625,5.769765625,6.924765625,0.663046875,0.391328125,3.409609375,3.706796875,0.776015625,6.673515625,4.1690625,1.6221875,1.3840625,0.93265625,1.9340625,2.217421875,4.32015625,3.149296875,1.5903125,0.259765625,0.363046875,2.251796875,0.784921875,0.906171875,1.20953125,2.381796875,3.79578125,8.1275,5.791953125,0.481875,2.0121875,0.410390625,3.01375,3.0996875,1.18765625,2.04359375,1.402578125,1.19859375,1.222421875,6.694140625,10.9734375,8.229921875,0.65328125,1.350390625,0.2265625,0.60609375,17.420546875,23.49390625,24.16453125
10,13.302890625,5.91703125,5.793828125,10.186484375,11.584765625,12.301796875,0.6728125,0.48953125,3.688828125,8.743515625,16.32296875,25.828828125,6.698203125,0.448984375,1.713984375,2.988359375,1.735546875,0.0346875,1.45515625,3.41609375,4.0071875,4.637578125,2.01109375,0.845859375,3.50265625,0.42234375,0.6759375,0.407421875,3.391015625,4.97765625,2.16984375,2.580078125,4.478125,3.388984375,0.566640625,4.25984375,2.3009375,0.404296875,1.5978125,2.0025,2.56875,3.096875,4.508359375,3.52296875,1.224921875,0.974921875,0.827421875,1.250390625,0.67453125,0.195390625,1.36875,3.3015625,2.69546875,7.646328125,5.296015625,0.070859375,0.579453125,1.25375,4.477109375,6.968046875,3.143515625,0.29453125,0.2703125,1.873984375,0.814453125,6.030078125,10.122265625,8.59140625,1.2971875,1.4215625,1.076484375,1.8553125,24.640234375,11.176015625,25.041875
11,9.489453125,3.26265625,7.167265625,7.91890625,3.988125,2.0803125,0.274921875,2.911171875,1.544453125,6.053984375,13.146953125,21.853515625,3.097734375,2.71578125,2.325546875,2.295390625,14.365859375,5.97203125,2.4784375,0.16984375,2.603984375,4.331484375,0.93296875,4.33,5.278203125,6.942265625,3.73734375,0.437421875,4.656953125,4.698984375,2.86546875,4.962734375,5.659609375,5.3846875,1.774609375,1.91140625,1.280390625,1.671796875,0.005625,0.58953125,3.30875,2.549375,3.84890625,2.163046875,0.318515625,1.912265625,0.307578125,3.247421875,2.080859375,0.083828125,4.14453125,5.90296875,0.052421875,6.177734375,3.605703125,1.688125,2.37734375,3.172734375,6.77546875,5.67109375,2.895625,1.571015625,1.386171875,3.708359375,0.560859375,4.363125,9.5975,5.304296875,3.64828125,4.71828125,5.6303125,0.445703125,19.9071875,1.28265625,24.096171875
12,13.90265625,0.1659375,0.0296875,1.615,0.0815625,9.26578125,0.794375,1.106640625,4.3715625,8.2265625,17.598515625,27.338359375,4.64234375,3.09515625,5.01671875,1.414140625,0.598515625,12.195078125,1.5375,3.1728125,5.491640625,5.673515625,0.7340625,0.199296875,3.460390625,2.7890625,2.535625,2.6,5.5471875,7.88890625,1.12390625,1.412734375,3.285078125,1.9934375,1.668203125,6.872421875,4.368984375,1.2009375,1.83609375,2.470859375,0.015390625,2.078359375,7.8440625,5.89109375,3.618203125,3.456328125,1.639765625,0.331171875,0.2996875,1.840859375,1.01421875,0.298125,6.61890625,10.08609375,3.899453125,0.894140625,0.783828125,2.764609375,0.20015625,0.342265625,0.00234375,2.395078125,2.53109375,0.42140625,3.262421875,9.550234375,12.875625,5.622578125,0.2696875,1.189609375,9.651796875,17.30296875,23.942578125,3.423984375,26.963046875
13,11.610234375,3.080390625,6.871171875,16.68828125,10.317421875,14.858515625,1.650859375,2.468203125,3.936484375,7.63953125,15.168515625,23.13515625,2.210703125,9.469375,9.039921875,4.50203125,3.0015625,29.280859375,0.044453125,0.397578125,2.02125,1.151953125,6.10734375,1.751953125,4.2278125,0.085,0.92765625,0.8015625,4.039765625,5.74890625,0.93953125,1.66859375,3.452734375,4.18203125,0.34203125,5.430703125,3.23203125,0.06296875,0.28375,0.505,5.84515625,1.652734375,3.14265625,1.88359375,0.969765625,0.316953125,0.46171875,1.06484375,1.224921875,0.65453125,1.513046875,2.73140625,3.661015625,8.383125,5.38765625,0.260859375,1.481640625,1.293828125,4.563125,5.1240625,2.12859375,1.04921875,0.591015625,0.654453125,1.105546875,7.67578125,11.16765625,8.99171875,1.177890625,0.247578125,6.4140625,35.214609375,5.282109375,8.550703125,23.79890625
14,14.050625,30.336953125,24.182421875,28.13703125,6.12765625,11.110703125,0.09859375,3.033515625,5.376484375,8.167890625,14.889453125,25.680546875,3.66484375,4.37796875,1.58703125,6.581796875,35.923671875,5.890625,0.418125,1.923515625,4.025703125,3.163671875,4.33140625,3.657734375,1.04125,1.695546875,1.166640625,0.975546875,5.17234375,6.918984375,0.86953125,0.003125,2.905859375,2.386953125,1.3184375,5.003125,3.87375,1.378125,1.451796875,1.852421875,5.468046875,1.179765625,4.384765625,2.33109375,1.073046875,1.091328125,1.444453125,0.790390625,0.698203125,1.201171875,2.187109375,3.129453125,4.09640625,9.083359375,5.73796875,0.025078125,0.327421875,1.30921875,3.5728125,5.803515625,2.4003125,0.19796875,0.28703125,0.1259375,1.7909375,7.19546875,10.754296875,7.894140625,0.71328125,1.187578125,1.227109375,3.193046875,26.38765625,2.64765625,25.33375
15,12.577109375,9.46375,20.516015625,20.496015625,3.4596875,5.6746875,2.633515625,0.436953125,2.860390625,7.21453125,15.240390625,24.487578125,3.013984375,3.9921875,4.99078125,6.67109375,6.699296875,4.161484375,1.65140625,0.1565625,1.897265625,4.166953125,0.60609375,2.870546875,3.84609375,2.884609375,2.643125,0.924296875,1.637265625,4.523671875,1.41890625,4.262265625,5.3875,5.372421875,1.704765625,3.047421875,1.574609375,2.13375,0.462890625,0.134765625,5.6859375,2.17625,5.00390625,2.815859375,0.481015625,0.09265625,0.73125,3.449296875,1.3690625,0.335078125,2.71625,5.01,1.375625,6.432265625,3.792421875,1.151953125,2.98140625,4.62140625,6.77,5.78125,2.088125,1.012578125,1.01703125,1.58171875,0.683984375,4.5565625,8.42640625,6.4871875,1.82859375,3.552890625,8.29796875,2.893828125,23.229765625,12.142109375,23.603671875
16,11.188671875,6.963515625,26.64359375,31.505390625,8.551953125,14.79125,5.1728125,2.98765625,3.350625,7.073046875,14.306640625,23.1746875,4.285,4.251875,0.1096875,4.2703125,9.653359375,5.79734375,0.117578125,0.898828125,2.0278125,4.026640625,0.271484375,3.266875,3.101796875,1.701953125,1.350859375,1.108515625,4.08953125,5.78375,0.675546875,2.36421875,3.91078125,3.38328125,1.778984375,4.06421875,1.055234375,0.813203125,0.32796875,0.0728125,6.52640625,3.29015625,3.2340625,1.94375,0.839921875,0.33234375,1.269375,3.252578125,1.8625,1.421640625,3.141015625,4.670703125,0.780703125,6.765703125,4.681875,0.926484375,2.165546875,0.218203125,7.300546875,6.905078125,2.140703125,0.013828125,0.658125,2.138125,0.3740625,5.32671875,9.523046875,7.171953125,0.596484375,4.15734375,15.668515625,0.9365625,26.37453125,4.391484375,23.32171875
17,7.756484375,10.98265625,10.7715625,13.070625,6.023984375,7.16296875,0.063046875,0.53359375,2.71109375,6.517578125,14.0934375,22.338828125,1.981953125,1.465234375,0.990234375,2.16484375,3.07921875,0.4775,0.7675,0.1759375,1.644453125,4.9696875,2.4128125,1.430859375,5.72453125,2.9984375,3.62234375,0.19421875,3.988359375,3.6715625,3.544375,4.0746875,6.146015625,16.17671875,2.90234375,2.83921875,0.8746875,2.364609375,1.065703125,0.491171875,2.36703125,5.981640625,0.582578125,0.711640625,0.16796875,0.6725,1.861875,2.634140625,1.760625,1.211484375,3.59203125,6.142890625,0.797578125,7.023671875,3.7025,0.834765625,0.345703125,1.0171875,3.01125,5.3925,4.270859375,1.358359375,0.52703125,1.126796875,1.505859375,6.420390625,10.6446875,7.976484375,2.129609375,9.86328125,5.41171875,2.13234375,26.8140625,3.32890625,22.8090625
18,1.626328125,10.310625,17.59078125,25.4659375,6.03796875,12.003984375,0.173203125,1.106875,5.2209375,8.509453125,16.1234375,24.70359375,4.967421875,0.85015625,8.84890625,7.302890625,33.2234375,4.672265625,0.723359375,1.264296875,3.07515625,2.276796875,4.929609375,3.265390625,1.659765625,1.077265625,0.524296875,2.99453125,5.543828125,7.138046875,1.756484375,0.69078125,2.535,3.007109375,0.12015625,5.27140625,4.20453125,1.029296875,0.544765625,1.18578125,2.088984375,4.07140625,5.595234375,3.112890625,1.484375,0.928984375,0.500859375,2.166484375,1.22796875,1.28953125,3.22390625,3.906171875,1.68109375,8.4971875,6.115703125,0.142890625,0.8359375,0.535859375,4.074609375,3.043828125,0.68109375,1.2809375,0.819921875,0.409296875,1.658984375,7.37703125,10.78734375,9.188125,0.987421875,5.5396875,5.337421875,1.331796875,25.567109375,4.238828125,25.100546875
19,8.523828125,6.115,14.4465625,16.45640625,8.342109375,7.117578125,2.76703125,0.69109375,4.177109375,7.674296875,14.0353125,12.988515625,3.539453125,6.0396875,0.524375,3.834765625,2.540625,0.73671875,0.35734375,0.270234375,1.66640625,3.119765625,1.4903125,2.261796875,2.3621875,2.17375,2.56703125,1.67703125,4.40140625,6.1721875,2.19984375,3.53671875,4.982109375,5.889921875,0.756796875,4.0903125,2.27578125,0.49671875,0.03484375,1.28484375,7.071484375,5.078359375,2.73140625,1.245078125,0.142265625,0.298203125,1.448203125,4.066953125,1.25703125,1.101015625,3.9159375,6.598203125,0.108671875,7.3115625,4.95328125,0.393828125,2.144296875,4.219921875,5.314296875,5.26734375,3.2675,0.00984375,0.116640625,1.418671875,0.8890625,6.40484375,9.651796875,7.497109375,0.003984375,2.385,1.905546875,3.941484375,22.4465625,7.150234375,24.232109375
20,11.058125,2.285,7.733203125,10.186640625,3.504921875,4.37703125,3.0940625,0.789140625,4.333828125,8.92671875,17.043828125,25.701015625,1.3,4.208671875,0.78171875,7.488671875,22.42390625,2.7946875,0.45453125,2.08578125,4.55375,5.0446875,0.433515625,3.48265625,4.25640625,2.53046875,2.4765625,1.17515625,5.48578125,7.25625,0.570390625,2.8446875,5.19625,3.308515625,0.19140625,4.240078125,0.957578125,0.496171875,0.9253125,0.1928125,8.064296875,3.322421875,5.814921875,4.67953125,3.20703125,1.528671875,1.251796875,1.103671875,0.58484375,1.14171875,2.70921875,4.068515625,1.732421875,8.81234375,5.85109375,0.54296875,0.895,0.053671875,4.226640625,3.42109375,0.29203125,1.995625,0.63515625,0.44265625,3.14515625,8.928203125,12.761953125,10.57171875,0.802890625,1.87703125,1.22734375,3.54453125,20.639296875,6.9965625,24.743359375
21,3.61640625,24.255234375,32.97375,24.9115625,8.483984375,9.89265625,2.343359375,3.30625,3.54265625,6.7184375,13.953828125,21.059609375,0.9009375,1.790546875,0.777109375,7.001875,15.791171875,6.101953125,1.194140625,0.037109375,1.256953125,1.665234375,2.8109375,4.45640625,4.352421875,4.876640625,5.379921875,0.368125,2.496015625,4.9965625,1.247109375,4.126875,5.91234375,5.0853125,2.443515625,2.1140625,0.3115625,2.631015625,1.0859375,1.802890625,10.953125,12.893671875,2.1834375,0.152109375,2.171875,1.801015625,1.832109375,3.39390625,2.443671875,0.371953125,5.688359375,6.333515625,0.376640625,6.029765625,3.762734375,1.080625,1.981875,0.627265625,6.29140625,5.765859375,3.02734375,1.400078125,1.828203125,2.64546875,0.995390625,4.18609375,7.2428125,5.886484375,2.5953125,3.309921875,6.20984375,0.24421875,19.65625,12.284140625,22.27046875
22,14.687109375,31.342734375,31.053203125,9.36125,2.883203125,3.412578125,0.1415625,3.000625,5.71015625,9.212734375,15.79546875,23.236953125,4.75140625,1.611875,1.927890625,3.4984375,35.613203125,33.97921875,0.958984375,1.215625,2.83375,5.027265625,1.50953125,0.7840625,4.143828125,2.653828125,3.24921875,1.928359375,5.1471875,8.0746875,0.542578125,1.6603125,2.604609375,3.35203125,2.861484375,5.020859375,4.30265625,1.786484375,1.901875,0.903203125,4.82625,1.097421875,5.563125,4.098125,1.958984375,1.3775,0.605,1.529609375,1.9184375,1.360859375,1.155703125,2.425625,4.44,9.762265625,6.641875,1.14515625,0.2825,1.047890625,3.73546875,3.421640625,0.169453125,2.250625,1.21671875,0.099921875,2.5603125,7.485625,11.432109375,9.8015625,0.24703125,1.711953125,0.989453125,0.427109375,22.271953125,16.314765625,24.2625
23,12.383125,0.557265625,4.776875,9.351640625,1.970390625,2.33734375,1.15875,1.65296875,4.9046875,9.888515625,18.37109375,28.718203125,7.09875,0.23078125,3.5778125,3.296875,0.17921875,11.081015625,2.75875,4.533046875,7.25640625,5.77328125,3.46640625,1.766953125,0.811328125,5.269453125,3.45984375,1.10515625,4.426640625,7.9446875,1.03,2.643046875,4.245234375,4.426328125,1.916640625,1.657890625,4.67484375,3.12765625,2.049921875,2.948125,0.13953125,0.32125,4.71296875,2.59203125,1.893828125,1.18359375,0.339453125,4.309296875,0.3584375,0.719296875,4.188828125,1.9646875,5.10578125,10.063046875,8.6709375,3.02328125,2.1059375,3.698125,2.165625,2.522890625,2.334140625,1.32546875,0.277109375,0.175546875,4.560859375,8.425703125,11.7565625,10.47796875,3.111796875,4.56859375,2.011484375,3.8265625,24.966015625,1.578359375,26.499609375
24,2.039765625,19.82265625,27.030625,22.1021875,8.82265625,10.669765625,1.818828125,1.570390625,5.033203125,8.68953125,15.59078125,24.206640625,3.698671875,4.27515625,1.438359375,16.55265625,36.194296875,10.547890625,1.53421875,0.490703125,1.997734375,2.783359375,0.48671875,5.83015625,6.896640625,1.61,3.04734375,0.143359375,3.277578125,5.438671875,1.614375,3.3571875,11.111640625,5.5715625,3.294765625,2.741171875,2.564609375,4.913984375,0.643671875,0.4540625,6.30578125,3.10625,3.43015625,0.8784375,0.07484375,0.575625,1.648671875,4.956640625,1.64140625,1.46640625,2.655390625,6.120625,3.253984375,5.1015625,3.8790625,0.608984375,0.992890625,0.086484375,4.677109375,4.938828125,2.552421875,0.156796875,1.247265625,0.887890625,0.899140625,4.703515625,8.458046875,7.53984375,0.813828125,0.9534375,3.081640625,0.076640625,25.40359375,3.406640625,22.76953125
25,9.38453125,15.80203125,8.766328125,15.752265625,4.38109375,5.07796875,3.351640625,0.998046875,3.071484375,8.89671875,16.735390625,24.788359375,4.5375,3.723125,0.461796875,7.459296875,36.29546875,6.267578125,0.438671875,0.31953125,2.836875,4.779921875,1.299609375,8.050625,5.1646875,1.71265625,0.6428125,1.49984375,2.58375,5.29671875,2.271328125,2.18125,3.41046875,5.166640625,1.260703125,4.678359375,3.10921875,0.448125,0.14265625,0.4075,3.8615625,1.510703125,5.844375,3.569765625,1.978671875,1.087421875,1.36734375,3.03,0.701875,0.065625,2.706015625,3.999375,2.835078125,8.0390625,4.284765625,0.420703125,2.046328125,2.144765625,5.7440625,4.764609375,0.98078125,0.572109375,0.132734375,0.376796875,1.582421875,6.407890625,10.62609375,8.84421875,0.06984375,5.09484375,3.22546875,0.098359375,25.291796875,14.1459375,22.98390625
26,11.06890625,37.3003125,44.292890625,14.4896875,4.128359375,7.121484375,1.347578125,1.507890625,6.45515625,10.00015625,16.89203125,26.524921875,1.0984375,2.403046875,7.3734375,8.26484375,1.22671875,0.894921875,2.9553125,3.107578125,5.014609375,7.918515625,0.2290625,2.393671875,1.76140625,0.20109375,1.21796875,4.269609375,5.2396875,5.70421875,0.395078125,1.643828125,2.948359375,4.86046875,0.266328125,5.480703125,1.6946875,0.72484375,2.503125,1.062890625,5.475234375,2.685390625,5.92828125,4.1221875,2.73484375,1.0246875,0.1746875,3.28546875,0.383671875,2.537265625,2.506953125,4.035625,2.7671875,9.15109375,6.8284375,1.786796875,0.67359375,1.6946875,4.67640625,5.58296875,3.7403125,0.4009375,0.90234375,0.795,2.7690625,7.015390625,11.217890625,9.105078125,1.153515625,0.582265625,5.6828125,4.050234375,23.986875,21.929765625,25.127734375
27,6.260546875,19.842265625,19.589453125,31.364765625,17.2828125,5.01484375,2.077421875,0.996484375,4.9628125,8.887421875,16.820859375,24.7334375,4.531328125,1.110859375,3.43078125,6.511328125,24.9615625,4.8053125,0.288515625,0.532109375,3.89203125,4.97765625,2.31140625,5.219765625,2.45046875,0.039140625,0.48953125,3.33484375,4.666953125,6.659765625,0.895390625,0.844296875,1.77515625,2.143359375,1.390546875,4.352265625,4.654296875,2.97234375,1.375,0.778671875,3.021953125,1.488984375,5.54484375,4.728203125,2.4196875,1.8528125,2.32125,1.290859375,0.261875,0.20984375,2.3228125,1.878203125,5.0221875,8.664921875,5.09453125,0.348671875,0.315234375,0.976484375,2.28625,6.540078125,1.631328125,2.098046875,1.437734375,0.908828125,2.325859375,7.743515625,11.314375,10.16703125,1.088203125,1.6134375,7.342265625,4.952734375,10.338125,14.06609375,23.43859375
28,2.514140625,14.938515625,10.73796875,9.731484375,6.100703125,5.504296875,0.210859375,2.5696875,4.09703125,8.155703125,16.049765625,22.7353125,0.2490625,4.4475,1.14765625,4.1446875,27.957109375,15.117265625,0.155859375,0.744296875,2.32,2.385703125,2.732734375,5.08578125,4.61875,4.337421875,2.10375,1.57515625,4.436953125,5.7365625,0.283828125,2.349609375,3.67015625,3.896015625,2.24578125,2.8434375,1.7034375,1.4715625,0.02625,1.48515625,4.719609375,5.233828125,4.342265625,2.15671875,0.0396875,0.047890625,1.1421875,3.84453125,1.302109375,0.45921875,3.250859375,3.86765625,2.408828125,7.836015625,5.524765625,0.53390625,1.785625,1.070078125,4.745234375,4.299140625,0.714765625,1.10015625,0.2503125,1.439921875,0.6875,5.735859375,9.742890625,8.728359375,1.669921875,6.857265625,8.238515625,0.796171875,24.95125,13.955390625,22.746796875
29,3.9628125,14.228046875,20.13359375,19.526640625,7.8975,9.47015625,0.24890625,0.476875,4.14296875,7.764140625,15.5684375,22.826875,3.7875,0.436953125,1.290078125,3.901640625,22.533984375,2.1359375,0.393984375,1.0165625,2.064296875,2.665078125,0.21359375,3.633515625,2.676328125,3.339453125,2.9959375,0.703203125,4.12140625,5.47625,1.943125,2.549609375,3.995703125,5.07203125,3.02671875,2.278984375,2.466796875,0.214296875,0.7134375,1.63796875,4.247890625,5.535390625,4.121640625,2.055546875,0.343515625,0.21296875,1.483046875,3.7578125,1.208984375,0.148046875,3.74671875,3.836875,1.999609375,7.778671875,4.6334375,0.52828125,1.40046875,0.8684375,5.389453125,5.761640625,2.070859375,0.1440625,0.232265625,1.275390625,0.792890625,5.576484375,8.95890625,7.592265625,1.648203125,2.773828125,14.79421875,0.8178125,24.250234375,13.265,22.941328125
30,8.427578125,3.532890625,7.085703125,7.975703125,5.67140625,5.854453125,0.03328125,1.9871875,5.25640625,9.683671875,17.744453125,25.26,2.55875,2.10453125,2.290390625,2.641953125,4.911015625,16.390625,0.578671875,2.221875,4.692890625,5.413046875,0.007109375,11.250703125,13.03265625,0.21015625,0.641328125,2.54640625,5.738359375,7.76890625,1.660390625,0.021640625,2.18546875,2.43828125,1.40515625,6.43203125,4.603203125,2.386015625,1.56203125,1.3184375,0.36078125,0.847890625,6.6696875,4.4365625,2.543828125,2.001015625,2.508359375,1.649921875,0.241796875,2.04953125,1.1878125,1.215234375,5.22640625,9.255,6.159921875,0.936796875,1.859140625,0.20953125,3.2684375,2.996640625,0.79796875,2.13171875,1.1090625,0.33484375,2.3284375,8.33078125,12.351484375,10.102890625,0.94125,0.237734375,13.080625,11.447578125,21.083046875,0.41203125,24.1603125
31,7.566640625,13.56125,8.781640625,9.55203125,1.701484375,2.76328125,0.21671875,0.3146875,4.078515625,9.005390625,16.806640625,24.746796875,3.0459375,3.74046875,1.797890625,6.8078125,18.84953125,0.296640625,0.3571875,0.83296875,2.309921875,3.870078125,0.52234375,3.636875,5.171328125,5.34859375,2.945625,1.234765625,4.2984375,4.506953125,1.995703125,4.16859375,5.5975,5.935234375,1.7853125,5.095,4.101171875,1.36390625,0.69578125,6.828125,3.3525,3.273671875,5.53125,2.741796875,1.101328125,1.40703125,0.25859375,2.08515625,1.65921875,0.400625,5.386328125,2.946328125,2.665234375,7.8896875,4.99171875,1.100546875,0.666171875,0.56890625,6.58875,6.833125,3.624375,0.81546875,0.25765625,1.262734375,1.2084375,6.704609375,9.20671875,8.569296875,1.3509375,1.987734375,0.589296875,2.479375,23.46609375,11.912421875,23.577421875
32,11.37890625,17.394296875,13.09515625,33.0425,10.5178125,9.3734375,2.3328125,2.285234375,2.25125,8.03125,15.489921875,22.603515625,2.39515625,4.578046875,1.8725,3.633671875,10.1625,34.476953125,1.395234375,0.0271875,2.57640625,2.6753125,1.834453125,6.2196875,6.792109375,3.397109375,2.9075,0.237421875,3.40859375,4.86234375,1.761171875,3.733046875,4.753359375,4.688828125,0.0565625,4.075078125,1.957890625,1.293046875,0.8309375,2.900703125,3.959375,2.882421875,4.2775,2.333984375,0.653671875,0.283046875,0.50703125,3.5353125,1.462578125,0.79671875,2.98796875,4.803203125,1.1440625,6.886640625,4.368125,0.450234375,0.71828125,0.398828125,5.65625,4.696796875,1.453046875,0.25359375,0.411875,1.840703125,1.292109375,5.94125,9.068828125,7.02203125,1.091328125,4.66625,4.689609375,2.852890625,23.0671875,3.80046875,22.74671875
33,3.34375,18.438828125,17.573125,20.443828125,13.93984375,9.2178125,3.7365625,1.345546875,2.159609375,7.452109375,14.730546875,22.964140625,2.3134375,4.16109375,0.14609375,6.46828125,22.8284375,10.640703125,1.314453125,0.665234375,0.05421875,1.165390625,2.89640625,6.529140625,5.850078125,2.9615625,1.673828125,0.320703125,2.33328125,3.8725,2.214375,4.4296875,9.30234375,5.870859375,1.918515625,2.82,1.33078125,2.37171875,1.719453125,1.790234375,4.357421875,5.12828125,2.742265625,1.019921875,0.187109375,0.124453125,1.580703125,5.33234375,3.005078125,0.5453125,4.1878125,5.42703125,0.901171875,6.448828125,4.86296875,1.051171875,1.653515625,1.683671875,5.343359375,7.183359375,3.68625,1.238515625,1.089375,2.027890625,0.347578125,4.974375,8.253828125,6.545,1.33328125,1.51515625,3.94734375,0.8190625,22.6028125,4.770625,22.535859375
34,7.214453125,26.316640625,13.980546875,20.368203125,8.58390625,8.152890625,3.20015625,1.910625,3.587421875,7.402265625,15.07515625,20.56171875,1.442890625,6.13046875,1.162265625,4.11703125,33.560625,48.933671875,2.133125,1.392578125,0.44515625,0.980234375,2.9725,3.288359375,4.663125,4.4171875,3.28640625,0.67015625,1.91921875,4.439375,2.09625,4.534921875,6.72109375,6.132734375,3.062421875,2.308671875,1.15015625,1.572578125,2.004609375,3.80421875,6.041875,6.00140625,3.077734375,1.17,0.4871875,1.755703125,1.908828125,3.976875,2.34375,0.132109375,4.816015625,6.65515625,0.79671875,6.167578125,3.8246875,0.9565625,2.059921875,2.07046875,6.722109375,7.7528125,3.83140625,1.208359375,1.654296875,2.83484375,0.89109375,3.76109375,7.627265625,5.84828125,3.454140625,6.473828125,9.110390625,1.33703125,22.43140625,11.840234375,21.920546875
35,4.99625,16.82265625,14.585234375,14.110703125,18.4928125,14.408515625,6.530390625,1.689765625,3.703515625,8.673984375,16.161171875,24.126875,5.54234375,2.4575,2.609609375,6.66734375,16.156953125,27.569921875,7.243984375,0.5284375,2.133203125,3.074453125,0.369921875,1.810078125,3.130078125,1.9275,4.09703125,0.1528125,2.092109375,4.31265625,1.874296875,3.836484375,6.019921875,4.18375,1.0796875,3.101796875,2.56921875,1.9575,0.40390625,0.586640625,3.74703125,2.9496875,3.0221875,1.046328125,0.8684375,0.3965625,1.247578125,3.8021875,1.693046875,0.43171875,3.098359375,4.49390625,1.196640625,7.589453125,4.758046875,0.9546875,1.555546875,0.602421875,4.436015625,5.91234375,4.000703125,1.36015625,1.528125,1.770390625,0.648359375,4.88703125,8.718828125,7.272578125,0.30640625,0.0334375,1.29578125,0.3903125,22.065859375,10.369453125,22.8859375
36,1.899296875,10.30125,12.06859375,21.733515625,10.676875,5.767890625,2.17765625,0.459375,5.8934375,9.723671875,16.714453125,19.819453125,5.305,15.3525,1.34421875,4.387734375,12.60796875,42.15203125,1.00359375,0.96375,2.45453125,1.690703125,3.218046875,4.063359375,4.975,2.103203125,1.65546875,1.34390625,5.371875,6.468671875,1.00453125,1.438125,4.209453125,4.7853125,0.38421875,5.3528125,3.9953125,0.818671875,1.116328125,0.51046875,2.943515625,0.917734375,5.5575,4.603203125,1.90296875,1.7875,0.82890625,1.32828125,0.628828125,0.524921875,2.04421875,2.104140625,3.247734375,7.64328125,3.741328125,0.71828125,2.042421875,1.231953125,3.970546875,2.00171875,1.004140625,2.948203125,1.3703125,0.315078125,2.65328125,7.5946875,12.04078125,9.5440625,0.963125,5.974140625,8.036640625,1.706484375,24.201875,29.4928125,24.169609375
37,3.592578125,14.648984375,15.485546875,14.615390625,2.79328125,3.01890625,1.13875,0.532734375,4.18328125,8.71015625,17.132265625,24.008203125,3.8134375,2.62328125,2.815625,3.24703125,21.7221875,36.865546875,7.208046875,1.894296875,4.32734375,4.158671875,0.4190625,4.681484375,9.0671875,2.2434375,0.64859375,2.88875,5.0434375,6.263515625,0.72609375,1.133984375,2.192890625,2.727578125,1.025390625,5.7059375,4.433125,1.32328125,0.19015625,0.44328125,0.913125,0.037578125,6.286640625,4.0625,2.242890625,1.546796875,1.556640625,2.107109375,0.93,0.74890625,1.3003125,2.518359375,3.531796875,8.4725,5.523515625,1.194609375,0.421015625,0.396484375,3.968828125,4.305078125,0.845234375,1.663515625,0.449765625,0.13359375,2.000859375,7.41390625,11.248125,9.108515625,0.155703125,1.058828125,4.483828125,2.58265625,23.770390625,21.04671875,23.45734375
38,3.088046875,15.633203125,27.09546875,30.188125,24.6609375,8.547734375,4.26875,0.65953125,4.7996875,8.69546875,16.477109375,22.643515625,2.163671875,6.428984375,0.72578125,9.011953125,39.02125,15.49640625,0.30171875,0.199453125,1.99390625,1.01609375,1.72046875,3.3509375,5.3096875,2.728359375,1.3528125,1.378671875,4.23140625,6.0246875,2.238828125,3.5134375,5.98484375,4.23734375,0.91140625,3.476171875,1.2484375,1.40609375,0.984453125,3.878125,5.340625,3.70984375,4.4328125,2.62078125,0.751640625,0.718671875,0.441015625,3.164453125,0.495703125,0.5015625,2.24203125,3.484296875,1.93671875,7.623203125,5.0490625,0.385703125,0.821015625,0.2753125,6.5296875,6.076171875,2.47109375,0.01734375,0.563828125,1.4346875,1.060703125,5.596015625,9.56375,7.92390625,1.495546875,1.45890625,3.6209375,1.90625,22.643125,19.52671875,23.331328125
39,11.721171875,31.98984375,29.31484375,16.247734375,11.34953125,7.073828125,1.0903125,0.98671875,3.231640625,6.919140625,14.367734375,16.853515625,3.28515625,8.635703125,1.441796875,3.0584375,34.69828125,7.5375,0.80859375,1.309921875,0.514140625,0.23953125,3.5778125,5.168671875,6.78546875,5.876171875,2.8065625,0.00875,3.052890625,4.567109375,1.92015625,3.658046875,6.03375,5.72125,1.7396875,0.086640625,1.0284375,2.177109375,1.527109375,2.913828125,7.276015625,4.390234375,3.515859375,1.79546875,0.39234375,0.555546875,3.2784375,5.731796875,2.598125,0.692421875,4.129765625,5.30109375,0.31390625,6.240625,3.752109375,0.74125,1.926015625,2.164375,6.116953125,5.76671875,3.5875,1.196640625,1.58515625,2.919921875,1.233671875,3.6678125,7.90109375,5.7090625,2.32640625,2.853671875,7.9071875,2.207734375,22.825234375,25.625859375,21.854921875
40,6.544453125,14.861953125,16.621484375,14.51765625,8.28265625,7.153359375,4.0459375,0.18609375,3.39390625,7.92171875,16.328671875,22.800546875,1.2990625,7.029921875,0.14890625,6.21890625,28.056953125,38.436171875,0.3196875,0.289609375,1.90140625,2.464375,1.873828125,6.09953125,5.546015625,2.888515625,0.549453125,1.500546875,4.416796875,5.505,0.731328125,2.53578125,4.538359375,3.615625,0.32234375,4.0125,1.903359375,0.981484375,0.66421875,1.372578125,2.433984375,1.979921875,4.098984375,2.475703125,1.121171875,0.821875,0.847734375,3.385078125,1.465859375,0.236796875,2.770625,3.8196875,1.297578125,7.64015625,5.63921875,0.00125,0.544921875,1.814921875,4.97765625,6.267421875,2.631796875,0.21265625,0.395703125,1.23875,0.34015625,5.593671875,10.253828125,8.160078125,0.15265625,1.571328125,5.136640625,1.098984375,23.02859375,29.927890625,22.99078125
41,4.20671875,6.64328125,13.536484375,24.848046875,20.154765625,9.219296875,3.884921875,1.524765625,3.48171875,8.356796875,16.215703125,21.3153125,2.053671875,7.823125,0.577265625,5.8321875,32.08875,43.874609375,0.7565625,1.20203125,2.90078125,3.192421875,0.04546875,5.829296875,4.6028125,3.3778125,1.665078125,1.02375,4.988359375,6.210546875,0.675078125,1.752109375,3.447734375,5.019609375,1.088828125,5.55765625,4.144375,1.171953125,0.262265625,0.840078125,2.501796875,1.094921875,4.409453125,3.087421875,1.74984375,1.7859375,0.0015625,2.772109375,0.44796875,0.411796875,2.746171875,2.53375,2.7203125,8.20890625,4.353828125,0.767421875,0.732421875,1.50015625,5.301796875,7.12,2.55578125,0.938125,0.35640625,0.22,1.98875,6.915546875,10.889609375,9.51734375,0.36328125,0.839453125,10.253828125,0.043515625,22.472421875,20.878828125,23.988984375
42,9.29828125,7.888828125,13.140234375,25.3384375,22.088046875,6.174921875,2.057578125,0.11375,3.991484375,8.462265625,16.330546875,23.88515625,4.048671875,1.5803125,0.340546875,6.213984375,38.950546875,9.408828125,0.597578125,0.538125,2.82703125,3.134453125,1.650625,3.02140625,3.032265625,4.06953125,3.15234375,0.977265625,4.534296875,6.1284375,0.26796875,2.106796875,3.852109375,3.867578125,0.70921875,5.2646875,3.751171875,0.61015625,0.20953125,0.985390625,7.52,4.427578125,3.773046875,3.011796875,1.640625,0.606796875,0.925625,2.200234375,0.984765625,0.507265625,3.94640625,3.374296875,2.360859375,8.40015625,5.81046875,0.55171875,1.021640625,0.87015625,4.0628125,5.524140625,2.8259375,0.429765625,1.1878125,1.510625,0.24171875,5.411328125,9.91171875,8.150703125,0.58109375,0.432578125,2.285234375,2.73296875,26.46171875,7.564765625,23.65515625
43,5.751796875,15.7775,21.7684375,23.695078125,25.66359375,9.581328125,3.9090625,0.073515625,3.74921875,8.71375,16.599375,23.428671875,3.353671875,3.543671875,1.380859375,3.436796875,28.40578125,10.20921875,0.576171875,1.27140625,2.561015625,2.031171875,4.225078125,6.74609375,2.678203125,2.072578125,1.969375,0.987109375,3.93296875,5.91046875,0.383203125,2.481953125,3.076015625,3.459921875,0.263671875,5.65375,3.83296875,0.286328125,0.10015625,0.84515625,2.439296875,1.149453125,4.308671875,2.364375,1.438671875,0.29765625,0.3521875,1.55125,0.98578125,1.155390625,2.232421875,2.481796875,3.09734375,8.82625,5.703046875,1.000390625,0.373359375,0.721015625,3.727890625,4.545390625,1.18921875,0.6753125,0.15359375,0.523828125,1.659765625,6.987265625,10.670078125,8.162578125,0.792890625,1.38703125,7.020234375,2.40328125,26.155390625,18.08546875,23.560703125
44,1.935625,14.277578125,17.48328125,19.4825,21.797578125,23.3340625,5.338046875,0.999765625,3.533125,7.59703125,15.13015625,19.4596875,1.92015625,9.040703125,1.92109375,12.781953125,10.70234375,1.0359375,0.749453125,0.275546875,2.46734375,2.828828125,1.146484375,2.941484375,3.007734375,4.455859375,2.185,0.73203125,4.0125,4.9215625,1.958359375,3.143125,4.46484375,5.5853125,2.3684375,4.535,3.186953125,0.667578125,0.18078125,1.737421875,6.002734375,4.13703125,3.96375,2.115390625,0.5846875,0.312734375,1.60375,4.273515625,1.4403125,0.748046875,3.308671875,3.6834375,1.03203125,7.028359375,3.8471875,0.4271875,1.4709375,3.177734375,6.43140625,8.710625,4.12,0.309921875,0.61765625,1.47421875,0.89421875,5.95734375,9.978515625,8.241015625,0.5553125,1.077421875,5.565,2.936796875,23.493359375,32.461484375,22.322265625
45,1.248046875,15.40875,22.818828125,28.26828125,11.8365625,8.986640625,3.6959375,0.0746875,3.8515625,7.38796875,15.368125,21.054609375,2.05375,9.26984375,1.273828125,14.236875,45.8815625,3.16703125,0.13109375,0.26796875,2.127265625,2.081953125,1.2271875,4.0184375,3.62890625,4.19609375,2.538046875,0.662578125,3.24421875,4.7190625,0.98546875,3.0121875,5.940078125,5.333359375,1.04125,4.181328125,2.66640625,0.189921875,1.939609375,3.349375,7.814453125,6.83828125,2.535,1.131953125,0.01359375,1.204765625,1.179296875,3.2021875,1.05734375,0.412734375,4.687421875,5.657421875,0.433203125,6.799453125,4.085390625,0.580546875,1.63703125,0.566015625,5.149296875,6.081953125,3.0103125,0.70828125,1.616640625,1.963671875,0.14625,5.196640625,8.935234375,6.91453125,0.944921875,0.97109375,4.819921875,2.37328125,25.42515625,35.386484375,22.23234375
46,3.217578125,15.84546875,17.225390625,17.815625,10.01375,9.95109375,2.636328125,0.687890625,3.129921875,7.546171875,14.88609375,20.144453125,1.18078125,6.84171875,5.2825,12.28890625,40.305625,2.8071875,0.273125,0.053046875,1.7465625,0.5696875,1.756484375,4.51703125,5.079296875,3.053515625,2.578125,0.16359375,2.725859375,4.514765625,1.373046875,3.567265625,5.64453125,5.0109375,2.21921875,2.693203125,0.31328125,1.9565625,1.5053125,2.53859375,4.538671875,3.812734375,2.606328125,1.68140625,0.11453125,0.808671875,2.247890625,4.0484375,1.50984375,0.23875,3.812265625,5.209375,1.00390625,7.1696875,4.2153125,0.996796875,1.72078125,1.358671875,6.78515625,6.75921875,4.43953125,1.580703125,1.712265625,2.2225,0.0253125,4.77640625,8.401015625,6.3346875,1.215390625,2.18515625,6.6590625,0.478515625,24.8315625,32.46984375,22.22625
47,6.36875,6.45953125,8.93671875,6.095390625,6.49640625,8.825859375,1.466171875,0.50859375,3.93703125,8.37875,16.169765625,20.604609375,0.796015625,4.63546875,2.002578125,3.5740625,26.091328125,2.199921875,0.208203125,0.2553125,1.37484375,2.349140625,0.82734375,3.66390625,6.898203125,3.992578125,1.475390625,1.085546875,3.119296875,5.057578125,2.04609375,4.202578125,9.138125,4.330859375,1.124375,3.74109375,1.717421875,1.542890625,0.99109375,5.6809375,8.2625,3.92609375,4.0353125,2.645625,1.06890625,0.36890625,0.90671875,2.90484375,0.426171875,0.061953125,3.134140625,4.26734375,1.960390625,7.191015625,4.877265625,0.073828125,1.42359375,0.904609375,5.00953125,4.63515625,2.494140625,0.207734375,0.7128125,1.424765625,0.17375,5.10875,9.107421875,7.760546875,0.51421875,1.192890625,1.807734375,3.19640625,23.82609375,11.91578125,23.438125
48,3.722421875,10.364140625,12.4675,17.6490625,9.12453125,4.472734375,2.3078125,0.46734375,3.28734375,8.039453125,15.53015625,22.413671875,0.693125,5.93953125,0.078359375,5.031875,35.95,7.428984375,0.340546875,0.920078125,3.333125,1.2003125,2.514765625,4.53828125,4.211171875,4.624375,1.923515625,1.123125,4.104375,5.693671875,1.40828125,2.68296875,4.1521875,4.616328125,0.703984375,2.80828125,3.128203125,0.1065625,0.35796875,2.47734375,3.781328125,2.02078125,4.056875,2.649296875,1.012265625,0.5634375,0.391953125,3.0834375,0.221875,0.0553125,2.614453125,3.48296875,2.06453125,7.955546875,5.490859375,0.1884375,1.03328125,1.581015625,4.958125,5.79078125,2.820234375,0.22421875,0.668359375,0.826796875,0.9771875,6.306484375,9.655078125,7.58640625,0.414375,0.38546875,2.837421875,3.52515625,23.431171875,26.286015625,22.5403125
49,3.388125,8.920703125,11.9175,12.920078125,8.2665625,6.557265625,1.98375,0.73546875,2.960859375,8.15703125,16.050703125,21.288671875,0.82484375,6.18640625,0.541171875,8.714453125,36.98640625,4.689765625,0.343125,0.7096875,3.3484375,2.30359375,0.599296875,2.488359375,3.564375,3.7553125,1.7584375,1.290625,4.078515625,5.789609375,0.335,1.50046875,3.466484375,4.834296875,1.083828125,4.84671875,4.131171875,0.785078125,0.0809375,1.5453125,2.901484375,1.79421875,4.75234375,3.2315625,1.45265625,0.801875,1.44390625,4.361796875,1.406796875,0.042421875,2.62421875,2.601328125,3.676328125,8.194765625,4.971171875,0.05859375,1.625078125,1.23390625,5.228515625,5.93078125,2.550390625,0.035703125,0.356015625,1.00140625,1.184609375,6.536875,10.315,8.234765625,0.064140625,0.734375,6.0903125,2.01625,25.26515625,24.54,23.261328125
50,6.4584375,10.623515625,13.763359375,12.4721875,24.75421875,11.91828125,2.478828125,1.725234375,3.251875,7.95078125,15.344375,20.3884375,1.863984375,6.209765625,1.1165625,6.2015625,12.754609375,1.36046875,0.204453125,0.3084375,2.271015625,0.69890625,2.54671875,5.239296875,5.603828125,4.827265625,2.19609375,0.62984375,3.631328125,4.999921875,1.851953125,2.959140625,6.441171875,5.99734375,1.796171875,3.560703125,0.945234375,1.86703125,1.575234375,3.495625,5.548515625,4.763203125,2.59625,2.1975,0.5025,0.255390625,1.51375,3.8096875,0.765625,1.073046875,4.153515625,4.428203125,1.4809375,7.6975,4.609765625,0.4534375,2.0534375,2.73109375,5.33171875,7.0609375,3.966640625,1.286640625,0.96234375,1.455078125,0.10015625,5.166875,9.280390625,7.08640625,1.250078125,1.640546875,3.9090625,3.35875,22.850546875,8.786953125,22.775390625
51,1.316953125,14.51828125,10.956328125,9.968359375,14.303515625,10.8125,3.112109375,0.142578125,3.86,8.248984375,16.044921875,21.821953125,0.618828125,7.0253125,5.76140625,20.097578125,23.570703125,1.246875,0.042265625,1.125,3.09703125,1.493203125,2.23875,3.066875,4.2296875,4.043125,2.023359375,0.941015625,4.134375,5.82453125,0.999296875,2.16265625,5.246484375,4.25828125,0.844140625,5.440703125,3.92234375,0.322109375,0.03453125,0.9740625,4.02375,2.15375,3.33859375,2.61,1.1209375,0.679296875,0.995546875,3.60546875,0.689765625,0.02921875,3.190390625,3.485078125,1.43546875,8.05515625,5.40734375,0.06390625,0.85453125,0.76578125,5.287109375,5.19734375,2.2440625,0.130234375,0.619375,0.80421875,1.528671875,6.34796875,10.313515625,8.70453125,0.3771875,0.40171875,2.4759375,3.407109375,25.326328125,25.862421875,23.32640625
52,1.64796875,18.210078125,16.080078125,18.11171875,7.42828125,7.145859375,3.67734375,1.295703125,3.02484375,8.317265625,16.368125,22.04203125,0.627421875,8.420390625,0.02015625,5.8075,36.997734375,14.383828125,0.30953125,1.65515625,4.438671875,3.268046875,0.072734375,5.798203125,3.731328125,3.36125,1.841796875,1.06796875,4.2928125,6.056953125,0.719140625,2.329375,3.858203125,4.138203125,0.9515625,4.436796875,3.724453125,0.078203125,0.667734375,1.56359375,2.70984375,1.150546875,5.242578125,3.498671875,1.64390625,1.035390625,0.50703125,2.81671875,0.011640625,0.52515625,2.33796875,3.473125,2.271015625,8.547109375,5.29484375,0.91171875,0.609140625,0.665625,4.349609375,5.456953125,1.78578125,1.08984375,0.509375,0.17328125,1.967421875,7.145859375,10.904921875,8.682890625,0.246328125,0.836015625,6.606171875,0.967734375,23.33,29.348828125,23.358203125
53,2.415,14.99953125,11.82203125,18.831484375,23.604296875,12.28375,2.623984375,0.57703125,3.488671875,8.191875,15.72703125,18.531953125,3.967578125,6.405859375,0.321015625,7.442890625,38.298515625,2.466875,0.45296875,0.140390625,2.1071875,0.93984375,4.01203125,4.008125,6.05109375,5.214609375,1.940703125,0.800703125,3.84515625,5.08703125,1.21171875,3.6478125,7.2409375,4.646875,1.5478125,4.88578125,3.6428125,0.4725,0.12703125,2.188203125,5.545390625,2.19734375,4.48015625,3.156484375,1.115703125,0.71796875,1.786640625,3.615390625,0.468984375,0.137265625,3.241875,3.718671875,0.9415625,7.714765625,4.898203125,0.112109375,0.805546875,1.610625,6.35609375,6.94515625,2.8046875,0.08609375,1.325625,1.29328125,1.015703125,6.157109375,9.84125,7.456640625,1.25609375,1.5115625,5.367578125,3.509375,24.4309375,30.5628125,22.66015625
54,5.050390625,15.941640625,14.987890625,16.785859375,9.5078125,10.85609375,1.9228125,1.541875,2.895234375,7.525,14.683046875,18.9078125,0.853984375,7.9134375,2.045078125,9.03453125,15.84203125,2.14125,0.17140625,0.125546875,2.114140625,1.0653125,1.9703125,3.733359375,3.266953125,5.34953125,2.488125,0.279921875,3.098046875,4.7275,1.8990625,3.259453125,7.6240625,5.0840625,2.17546875,4.9315625,3.38421875,0.415546875,0.928515625,2.805,4.7196875,2.994609375,3.51640625,2.759609375,0.77828125,0.294296875,1.23171875,3.782265625,0.848046875,0.48125,3.71671875,4.053203125,0.88515625,7.570234375,4.74328125,0.2290625,2.24296875,2.505625,5.5759375,7.570546875,2.979375,0.4196875,1.317734375,1.506640625,0.600625,5.756484375,9.505390625,7.925078125,1.026171875,1.39296875,4.221640625,3.291640625,24.3934375,34.25234375,22.568203125
55,0.911875,13.831875,14.650703125,19.616171875,13.599375,11.117890625,2.678671875,0.981875,2.7096875,7.6221875,15.491484375,20.73234375,1.192109375,4.227421875,2.179296875,11.611015625,17.66734375,0.55765625,0.218828125,0.10796875,2.53796875,0.708828125,2.73296875,3.35125,5.725625,4.889140625,3.10328125,0.34109375,2.849921875,4.18609375,1.911484375,4.233828125,7.2678125,5.0821875,1.516875,3.42765625,1.369296875,0.994453125,0.721875,2.480703125,4.296484375,3.61703125,2.96859375,1.670078125,0.413515625,0.153046875,1.576953125,4.15890625,2.01671875,0.52765625,3.4625,4.145078125,1.357265625,7.389921875,4.625703125,0.86859375,2.45015625,2.059453125,5.7028125,7.250234375,3.523515625,0.734921875,1.485546875,2.061015625,0.116796875,5.625703125,9.281328125,7.435078125,0.740234375,0.90015625,5.1453125,0.69265625,23.736953125,35.302890625,22.851953125
56,3.826171875,15.018203125,16.316796875,12.71734375,13.152734375,7.779765625,3.727578125,1.13296875,3.168671875,8.417734375,16.1115625,21.176328125,1.114921875,5.380390625,3.034921875,7.821328125,40.981875,8.65265625,0.644765625,1.477421875,3.0746875,1.68671875,1.230546875,2.68984375,3.594609375,4.220546875,2.67765625,1.22359375,3.51921875,5.64984375,0.9884375,2.6103125,5.915859375,3.909140625,0.74609375,3.831875,3.5971875,0.068828125,0.40734375,1.888515625,3.3121875,1.97390625,3.822109375,2.704140625,0.998671875,0.4240625,1.429296875,3.12640625,0.488984375,0.404609375,2.28421875,2.97796875,2.477890625,8.339765625,4.958046875,0.16796875,0.911875,1.802265625,5.24375,6.645546875,2.00796875,0.311015625,0.0015625,0.559375,1.054921875,6.55515625,10.240234375,8.208359375,0.163359375,0.505078125,13.405,3.784921875,24.268125,28.92640625,23.1828125
57,1.793203125,14.761875,15.605234375,15.72,17.302265625,10.94828125,3.563046875,1.288125,3.3928125,8.388828125,16.5753125,21.08546875,0.396328125,7.827578125,0.357421875,5.8,24.354140625,2.888359375,0.280625,0.89375,2.919375,1.682109375,2.23390625,3.728203125,3.873046875,4.08453125,1.54984375,1.559453125,3.5653125,5.427421875,1.300546875,3.323828125,12.82015625,4.597890625,0.54296875,2.769453125,3.068671875,0.353359375,0.446484375,1.290390625,3.762265625,1.47109375,4.549453125,3.155859375,1.1478125,0.477109375,1.056015625,3.461015625,1.25359375,0.344140625,2.550625,2.9359375,2.72046875,8.289375,5.505,0.298671875,1.947265625,1.705390625,5.12203125,5.554375,2.306015625,0.54359375,0.58484375,0.88953125,1.168359375,6.45546875,10.147890625,7.912578125,0.104765625,0.32875,7.023125,0.54921875,24.8996875,33.587734375,23.22890625
58,5.28796875,17.9684375,14.8990625,14.579609375,11.91765625,9.47046875,2.64078125,0.83,3.3015625,7.78,15.60921875,21.388046875,0.2203125,6.79796875,0.408046875,4.97578125,40.46203125,11.575546875,0.362890625,0.421484375,2.603515625,1.16640625,3.66890625,3.76046875,4.79953125,4.291640625,2.555859375,0.9721875,3.816875,5.454296875,1.520625,3.391015625,7.609921875,4.426015625,1.516875,4.508125,3.21484375,0.2871875,1.161171875,2.23765625,3.62078125,2.518203125,3.802109375,2.659296875,0.747578125,0.037109375,1.103671875,3.54765625,1.0409375,0.236953125,2.95,3.484296875,1.8746875,7.88734375,4.8278125,0.130078125,1.516328125,1.636796875,5.465234375,7.395078125,2.716640625,0.081796875,0.6971875,1.114453125,0.82765625,6.190625,9.965,7.965859375,0.756953125,2.245546875,6.894140625,0.926015625,24.683046875,28.002578125,22.801328125
59,4.345703125,9.0303125,10.76109375,11.090859375,16.911875,10.968203125,3.461484375,1.411953125,2.69203125,7.82921875,15.801328125,20.673671875,0.25875,6.989921875,0.0271875,6.869375,39.360390625,4.061328125,0.12484375,0.78890625,2.518203125,1.299921875,2.073046875,3.389921875,4.335859375,4.3428125,1.83203125,1.085703125,3.57515625,4.97171875,1.556875,2.667890625,3.442578125,4.819921875,1.3340625,5.298125,3.840546875,0.821875,0.03546875,1.4746875,3.286171875,2.040546875,3.841171875,2.932421875,1.218046875,0.463359375,1.691796875,3.86890625,0.54671875,0.186796875,3.09109375,3.26625,2.06546875,7.849609375,5.00953125,0.303359375,0.881484375,1.68671875,5.712109375,6.617578125,2.320078125,0.260625,0.3296875,0.447734375,1.610703125,6.70078125,10.428125,8.428828125,0.595703125,0.8646875,3.8509375,3.4775,24.564140625,22.800234375,23.161171875
60,2.37,10.60359375,11.94453125,13.696640625,13.56921875,10.14734375,3.8753125,1.9553125,2.6959375,8.015703125,15.514453125,21.35875,0.752734375,5.041796875,1.090078125,5.1046875,16.6615625,2.32640625,0.095546875,0.198046875,2.834765625,1.41859375,1.99234375,3.464921875,5.23453125,6.0634375,3.08546875,0.27453125,3.04671875,4.59203125,2.288125,3.4746875,8.961875,5.53921875,2.083359375,4.259375,3.085390625,0.393203125,1.038046875,2.36265625,3.814140625,2.601171875,3.340078125,2.604609375,0.967578125,0.05171875,1.19921875,3.708046875,1.346796875,0.22484375,3.424296875,3.740859375,1.403828125,7.687578125,5.006796875,0.473828125,1.99890625,2.161953125,5.832890625,7.42625,3.196953125,0.824375,1.54625,1.33640625,0.510859375,5.616171875,9.519765625,7.705,0.8103125,1.24453125,4.64390625,3.20109375,25.3221875,23.729140625,22.826953125
61,0.162421875,13.653125,12.8325,14.13265625,18.7690625,11.6146875,4.24453125,1.9221875,2.8615625,8.204140625,16.053359375,21.17375,0.03875,6.421875,1.0840625,7.665390625,44.532734375,4.817109375,0.117578125,0.63703125,2.6896875,0.7721875,2.44890625,3.8478125,4.158359375,6.11640625,3.555625,0.17828125,2.976171875,4.833515625,1.46453125,3.121171875,5.533359375,4.812109375,1.43609375,4.4184375,3.5384375,0.242734375,0.556640625,2.170078125,3.74,2.534296875,3.870625,2.941640625,0.981640625,0.260390625,0.995,3.457734375,0.79140625,0.085859375,2.757265625,3.552265625,2.136640625,7.8665625,4.96265625,0.0184375,1.770703125,2.064140625,5.506953125,6.208984375,2.22984375,0.255390625,0.862109375,1.03765625,0.94890625,5.99859375,10.24890625,8.378984375,0.449609375,0.8671875,5.74,2.14890625,24.67484375,25.280625,22.88265625
62,2.393125,9.990234375,11.45421875,16.356015625,18.766953125,10.80078125,3.3046875,1.157109375,2.838203125,7.986640625,15.367734375,20.1375,0.757890625,7.83703125,0.82,7.82765625,23.246953125,4.4365625,0.075859375,0.706953125,3.332890625,1.58203125,1.05296875,2.88265625,4.756875,4.326171875,1.96453125,0.753359375,3.439296875,5.01265625,2.013828125,3.490390625,7.245078125,5.3321875,1.510859375,4.88671875,3.60046875,0.000703125,0.5871875,2.16359375,3.640078125,2.2934375,3.693359375,2.860234375,0.9415625,0.377265625,1.108125,3.768515625,1.1428125,0.155390625,3.09359375,3.707421875,1.6959375,8.02875,5.037421875,0.043828125,1.5640625,2.183046875,5.690625,6.963203125,3.14546875,0.71296875,0.556171875,1.026875,1.057734375,6.248359375,10.142109375,7.98375,0.524765625,1.324140625,5.52046875,2.0453125,24.678515625,26.87984375,22.8971875
63,0.173359375,13.48390625,14.32515625,13.9590625,11.8053125,10.455703125,3.171953125,0.836796875,3.228671875,8.280703125,15.9496875,20.4009375,0.592890625,7.61609375,0.180859375,5.75578125,41.269765625,9.0521875,0.0371875,0.499609375,2.74078125,0.5928125,1.69125,3.230859375,4.302265625,5.3628125,2.50828125,1.04109375,3.5375,5.27421875,1.647578125,3.796953125,8.265234375,4.928828125,1.445625,4.04953125,3.535546875,0.495234375,1.080625,2.165703125,3.70390625,2.154921875,3.99421875,2.969453125,0.803125,0.068359375,1.503984375,3.493828125,0.479296875,0.11046875,3.352109375,3.707421875,1.41265625,7.885,4.89515625,0.08734375,1.516796875,2.28609375,5.384453125,5.99,2.47796875,0.391171875,0.479296875,0.818671875,0.965390625,6.07390625,9.842265625,7.8203125,0.806796875,1.112890625,5.912265625,1.413359375,24.7740625,27.09015625,22.89296875
64,1.09015625,12.3290625,12.477421875,11.861875,15.183125,9.8959375,3.240390625,1.31703125,2.716015625,8.013046875,15.901484375,21.14859375,0.287109375,6.622890625,0.073046875,5.521875,37.73875,6.818828125,0.380390625,0.394765625,2.545234375,0.886875,1.970859375,3.581875,3.794375,5.320078125,2.254140625,0.672578125,3.229375,5.1696875,1.612578125,3.2690625,6.2815625,5.0134375,1.6346875,4.50640625,3.384296875,0.296640625,0.808671875,2.000234375,3.543515625,2.086015625,4.17015625,2.895078125,1.054140625,0.477265625,1.650625,3.69,0.511640625,0.24015625,3.093203125,3.815234375,1.7315625,7.992890625,4.90234375,0.380625,2.02203125,2.22015625,5.591875,6.253203125,2.30578125,0.24140625,0.608671875,0.8878125,1.0640625,6.1859375,10.19890625,8.3728125,0.458359375,1.05734375,5.86515625,0.65609375,23.997265625,30.08359375,22.97453125
65,1.760703125,14.708515625,13.71421875,14.01734375,18.31484375,12.0253125,3.439375,1.18390625,3.0784375,7.912578125,15.46453125,20.10515625,0.229921875,6.83515625,1.348046875,8.055546875,22.594765625,4.537890625,0.352109375,0.19015625,2.514375,1.193984375,2.131953125,3.7859375,4.461484375,5.8040625,2.32375,0.515234375,3.20109375,5.0115625,1.476640625,4.157734375,9.8128125,5.034921875,1.715234375,3.662421875,2.6803125,0.933046875,1.399375,2.613515625,3.96171875,2.72234375,3.480703125,2.475078125,0.656484375,0.12875,1.1971875,3.684921875,0.84328125,0.256171875,3.148203125,4.2446875,0.876953125,7.443046875,4.6659375,0.30265625,1.65328125,2.081796875,5.880390625,6.96140625,2.9671875,0.562578125,1.474921875,1.412421875,0.443125,5.565703125,9.60640625,7.541640625,0.763125,1.2415625,4.690546875,2.699765625,24.848125,30.416171875,22.76625
66,1.505234375,13.255859375,12.73453125,12.378984375,15.0109375,10.68828125,2.981484375,0.814296875,3.360078125,8.40265625,16.043203125,21.0934375,0.31859375,6.23140625,0.16734375,5.99921875,39.80515625,7.47203125,0.08203125,0.68765625,3.036796875,1.517109375,1.19375,2.87421875,4.004375,4.686875,1.88453125,1.13875,3.320703125,5.432265625,1.15921875,3.226015625,6.87234375,4.549765625,1.18,4.38546875,3.814609375,0.03015625,0.49203125,2.08265625,3.40328125,1.9640625,4.2965625,3.19671875,1.201171875,0.466015625,1.09671875,3.578828125,0.720078125,0.056875,2.60296875,3.509609375,1.7996875,8.12359375,4.970859375,0.216484375,1.574453125,2.236328125,5.3725,7.0528125,2.579375,0.032109375,0.274609375,0.792734375,1.101640625,6.4053125,10.158203125,8.057421875,0.509765625,0.960625,5.351328125,2.03484375,25.095859375,27.24359375,23.143125
67,1.07484375,13.03234375,12.358203125,14.9496875,14.9459375,10.07,3.204765625,1.14328125,3.083359375,8.29859375,15.825390625,20.5759375,0.002578125,6.525625,0.485078125,7.286171875,39.389921875,7.1825,0.009921875,0.51359375,2.721484375,1.1234375,2.26375,3.21140625,4.2509375,5.08109375,2.37640625,0.902265625,3.425546875,5.410859375,1.351796875,3.243671875,6.4134375,4.715703125,1.423984375,4.882109375,3.76890625,0.107421875,0.648984375,2.0715625,3.58796875,2.18890625,4.008515625,2.97875,1.098515625,0.466875,1.325078125,3.612578125,0.66953125,0.252734375,2.9240625,3.538515625,1.667734375,8.067890625,4.978046875,0.014609375,1.6215625,2.22203125,5.386640625,6.733828125,2.388125,0.022890625,0.55375,0.859609375,0.966171875,6.245,10.108125,8.14234375,0.399609375,0.937265625,5.61265625,2.18671875,25.174765625,28.166875,23.056796875
68,0.59765625,12.128359375,12.06,13.537578125,15.9353125,10.166640625,3.3490625,1.15,2.97421875,8.150859375,15.89296875,21.047890625,0.19171875,6.294765625,0.47890625,6.618828125,28.571640625,5.16796875,0.011171875,0.5,2.740859375,1.447421875,1.52,3.106796875,4.068515625,4.958125,2.19734375,0.988125,3.549296875,5.356640625,1.4521875,3.010703125,6.1115625,4.7271875,1.030546875,4.59984375,3.741015625,0.00828125,0.528828125,1.905078125,3.458046875,2.167734375,3.933046875,2.9328125,1.033671875,0.4865625,1.1646875,3.61421875,0.64796875,0.029296875,2.831015625,3.60078125,1.707265625,8.089375,5.05671875,0.05875,1.48203125,1.852578125,5.504765625,6.911171875,2.668984375,0.166796875,0.65671875,0.8946875,1.005703125,6.1621875,9.978203125,8.109140625,0.452265625,0.734765625,5.021640625,2.284609375,24.996015625,28.312265625,23.089453125
69,0.927265625,11.523046875,12.17828125,12.830859375,14.702421875,9.868046875,3.233515625,1.02796875,3.020703125,8.238515625,15.986875,21.083046875,0.03390625,6.613203125,0.51890625,6.24546875,30.0440625,4.415078125,0.18609375,0.753203125,2.96765625,1.445,1.533515625,2.9803125,3.996640625,5.032890625,2.148515625,1.076171875,3.586875,5.209921875,1.515703125,3.043828125,6.203671875,4.702890625,1.153359375,4.393359375,3.67359375,0.0221875,0.558046875,1.97578125,3.48421875,2.207109375,3.826328125,2.890390625,1.02875,0.47484375,1.170078125,3.521640625,0.47609375,0.008515625,2.748203125,3.504921875,1.691953125,8.066796875,5.052265625,0.02359375,1.498203125,1.741015625,5.393828125,6.73984375,2.4959375,0.05125,0.56578125,0.861953125,1.0053125,6.15640625,10.022734375,8.132421875,0.437734375,0.68375,4.991328125,2.448046875,24.781953125,28.559375,23.102578125
70,0.373515625,11.70953125,12.181328125,12.39015625,14.42625,9.746953125,3.255703125,1.04265625,2.939921875,8.180234375,15.92125,21.033046875,0.17109375,6.712265625,0.425859375,6.361171875,33.360703125,5.032265625,0.08015625,0.6434375,2.855859375,1.353203125,1.536953125,3.02921875,4.0440625,4.997109375,2.22140625,1.052421875,3.556875,5.25078125,1.5046875,2.984296875,5.95703125,4.62453125,1.160234375,4.348984375,3.67109375,0.0478125,0.598125,2.012421875,3.523515625,2.18578125,3.8753125,2.89296875,1.000625,0.45625,1.182578125,3.57015625,0.495859375,0.046484375,2.70859375,3.5528125,1.71625,8.046015625,4.988125,0.054453125,1.486484375,1.786171875,5.455546875,6.725703125,2.518203125,0.0075,0.616015625,0.848125,1.036484375,6.220546875,10.033984375,8.132421875,0.444375,0.76296875,5.403359375,2.1821875,24.85578125,28.83671875,23.080234375
71,1.06140625,20.3084375,20.39359375,17.734921875,8.84078125,8.819140625,2.5128125,0.19828125,4.322890625,8.637109375,16.242265625,21.93765625,0.912109375,3.968125,2.260234375,10.1121875,35.8996875,7.92875,0.029296875,0.93859375,3.041953125,1.335390625,1.01375,3.1875,5.25265625,4.4525,2.186875,0.889375,3.366484375,5.4503125,0.86,2.055390625,6.33109375,4.05265625,0.592421875,5.46421875,4.1246875,0.051796875,0.927578125,2.383984375,3.655078125,2.13828125,3.719296875,2.56671875,0.94203125,0.291328125,0.31203125,2.738125,0.360546875,1.005625,3.3321875,3.2184375,2.584296875,8.175625,5.43828125,0.105859375,1.43421875,1.27765625,5.096484375,6.8684375,2.26609375,0.483125,0.9425,0.360703125,1.234921875,6.448203125,10.211875,8.45125,0.067734375,0.126328125,4.14453125,1.805546875,24.576484375,18.677109375,23.62390625
72,2.080078125,19.666875,21.653671875,21.776875,11.9771875,9.258828125,3.031796875,0.85609375,3.46546875,8.44125,16.3028125,21.36453125,0.11203125,5.184453125,0.938984375,15.50921875,42.853203125,19.702265625,0.640234375,0.424296875,1.602109375,0.929453125,2.268359375,4.469609375,5.181484375,5.40703125,2.260078125,0.451171875,2.862890625,4.720703125,1.376171875,2.70734375,4.755,4.744140625,1.3775,2.115546875,2.257265625,1.275078125,1.464375,2.856171875,4.07953125,2.135390625,4.376328125,2.5096875,0.6759375,0.157578125,0.851796875,3.165390625,1.387109375,0.66765625,2.463203125,3.587578125,1.008203125,7.0340625,4.606015625,0.400703125,1.67765625,2.198984375,6.29625,8.453359375,2.80703125,0.3265625,0.855078125,1.559765625,0.248828125,5.473828125,9.298671875,7.31359375,0.624609375,1.59609375,5.668125,0.59296875,24.1259375,22.552265625,22.560234375
73,6.82265625,14.667734375,16.593828125,15.891875,9.80015625,9.636015625,3.076640625,1.01078125,3.20109375,8.35328125,15.783125,20.09109375,0.0603125,4.443984375,1.460703125,13.903046875,36.664140625,7.02875,0.084296875,0.361171875,2.3428125,1.36421875,2.060078125,4.63421875,4.894140625,4.3078125,1.76375,0.58875,3.504765625,5.38125,1.34265625,2.849296875,7.65921875,4.963984375,1.946015625,4.982890625,3.49484375,0.231640625,0.8971875,2.27359375,4.024375,2.530234375,3.81859375,2.799765625,1.221640625,0.500546875,0.88328125,3.40765625,0.81046875,0.05875,2.895546875,3.825234375,1.3925,7.431171875,4.820625,0.241796875,1.388203125,1.8034375,6.074453125,7.196484375,3.264375,1.073984375,1.263671875,0.809921875,0.698671875,5.9975,9.44984375,7.688984375,0.37421875,1.135234375,2.26953125,3.17875,25.01296875,20.7740625,23.183125
74,0.720625,19.91671875,21.72609375,16.22609375,6.2646875,7.69046875,3.346640625,1.133671875,3.325234375,9.36375,16.765234375,24.634921875,6.94375,4.20140625,3.892578125,1.63375,22.660703125,20.52890625,1.420546875,0.884765625,3.6803125,3.86125,0.1415625,3.1715625,6.223125,3.692734375,1.570859375,0.46515625,3.914375,5.82265625,0.32109375,3.123203125,4.408046875,5.848125,0.46578125,4.765546875,3.87453125,2.7475,1.619140625,0.644609375,2.403203125,0.876796875,4.488828125,3.0253125,1.96,0.978203125,0.6696875,2.349140625,0.068203125,0.2953125,0.85046875,0.557734375,5.63515625,9.052265625,6.106953125,0.224140625,0.944453125,0.903828125,4.05921875,5.21375,1.149296875,0.0828125,0.038828125,0.8790625,0.911484375,6.583671875,10.562109375,8.236328125,0.686171875,0.884296875,4.858984375,0.515,23.66625,27.491171875,23.869453125
75,2.376015625,12.1715625,15.435078125,14.4203125,9.226796875,8.052734375,3.018671875,0.588515625,3.311796875,8.8559375,15.93953125,20.611171875,0.185546875,4.73296875,0.832421875,9.085234375,35.474375,37.879453125,0.071640625,1.16171875,3.38671875,2.555703125,1.011640625,4.491953125,6.643984375,5.386640625,2.92046875,0.4509375,3.360078125,4.65765625,1.1190625,2.52703125,5.6046875,4.931171875,1.76125,4.733359375,4.297421875,0.23625,0.634453125,1.84953125,3.08875,1.556328125,4.1340625,3.1784375,1.474296875,0.718203125,1.070703125,2.8965625,0.098125,0.49515625,2.524921875,2.729375,2.882578125,8.03640625,5.251953125,0.2959375,1.055,1.7540625,5.61265625,8.681640625,2.74515625,0.5840625,0.49,0.93140625,0.664296875,6.358515625,10.118125,8.18859375,0.094296875,0.127265625,4.971875,1.00453125,24.456328125,26.25,23.449375
76,2.871953125,17.36359375,23.25203125,25.139453125,19.830390625,12.851484375,2.964921875,0.733515625,3.6178125,8.409609375,16.11296875,21.598515625,0.559609375,3.60640625,0.959140625,10.985,15.133515625,1.4675,0.66671875,1.5425,3.430625,2.591796875,1.0875,3.17125,4.460546875,7.0959375,2.42,0.640234375,3.419140625,4.389375,1.296640625,3.335625,7.5471875,5.2903125,1.204765625,4.891484375,4.2540625,0.463046875,0.431171875,2.269453125,6.209921875,3.46890625,3.87609375,3.20953125,1.29859375,0.2653125,0.367890625,3.653984375,0.8196875,0.3075,3.6171875,3.685703125,1.37796875,7.629921875,5.02234375,0.21765625,1.623671875,2.618828125,5.72640625,7.161640625,3.111796875,0.678125,2.3278125,0.736796875,1.270390625,6.332421875,9.860078125,7.825859375,0.2034375,0.745390625,2.26171875,3.66875,26.123046875,22.7225,23.4959375
77,0.559609375,13.555703125,18.03921875,16.696953125,11.49171875,9.566953125,3.173671875,0.88546875,3.02296875,8.12296875,15.85703125,22.26515625,1.658203125,4.21921875,0.34609375,7.95015625,37.97328125,24.9159375,0.6240625,0.95078125,2.95546875,1.933046875,1.520078125,3.25765625,3.6009375,5.00296875,3.865078125,0.51609375,3.394765625,5.212578125,1.89578125,3.033828125,4.1415625,4.718125,2.25734375,4.479609375,3.64328125,0.425390625,0.567734375,2.3528125,3.75515625,2.078671875,3.964140625,2.926171875,1.072734375,0.07171875,1.12546875,2.721953125,0.0846875,0.1353125,2.540625,3.25484375,1.737265625,7.564921875,4.6453125,0.004921875,1.63296875,1.48328125,5.619609375,7.5284375,2.031875,0.269765625,0.633828125,0.438984375,1.56328125,6.977109375,10.06359375,8.01359375,0.671484375,0.899765625,5.895859375,1.549765625,25.329453125,19.275703125,23.00421875
78,4.378828125,19.96875,23.64375,19.746328125,15.21375,10.85015625,3.7515625,0.908828125,3.53296875,8.418203125,15.775859375,21.108984375,1.35421875,3.391328125,0.259921875,8.041015625,30.37546875,8.32671875,0.397890625,0.509921875,2.654921875,1.414921875,1.494140625,4.28984375,5.51328125,5.6809375,2.2425,0.55984375,3.18578125,5.04015625,1.68421875,3.141328125,10.559296875,5.74390625,1.337421875,4.840625,2.579140625,1.430390625,1.130234375,2.665546875,4.31109375,2.75875,3.321328125,2.812890625,1.2053125,0.682109375,0.683203125,2.98140625,0.6884375,0.13421875,2.923125,3.511328125,1.681875,7.852421875,5.338828125,0.14359375,0.86203125,1.91875,5.85875,7.666953125,2.7065625,1.023359375,1.14375,0.5578125,1.023203125,6.4834375,10.205078125,8.248671875,0.1046875,0.901328125,5.3371875,0.700234375,24.242890625,20.783359375,23.01234375
79,4.88328125,12.136640625,15.46359375,13.561171875,8.67125,8.90515625,2.909765625,0.869609375,3.69921875,8.787421875,15.9796875,22.316171875,2.886015625,2.241171875,0.983671875,5.868203125,33.715,9.473359375,0.159609375,0.85796875,2.923203125,1.9328125,1.747265625,3.631171875,4.956875,4.592578125,3.876171875,0.9671875,3.8571875,5.7003125,1.12984375,2.62125,4.38078125,3.77359375,0.902421875,5.24921875,3.62046875,0.288203125,0.330625,2.03625,3.469765625,1.7078125,4.195546875,3.219140625,1.27359375,0.446171875,0.741328125,2.856484375,0.194375,0.145390625,1.98671875,2.916953125,2.73046875,8.3134375,4.9021875,0.187734375,1.222265625,2.0096875,5.032421875,6.33515625,1.59125,0.054140625,0.433828125,0.459765625,1.215390625,6.71671875,10.206875,8.1928125,0.461796875,1.1603125,6.4346875,0.094296875,24.885234375,17.2034375,23.426796875
80,1.111875,16.559140625,20.429140625,17.133984375,13.3884375,9.1309375,4.42828125,1.5596875,2.9021875,8.21484375,15.64078125,21.775,1.77328125,2.116015625,0.31875,12.887890625,37.340234375,9.1871875,0.162109375,0.486328125,2.8446875,2.855,0.91390625,3.460546875,6.0053125,4.0696875,3.319375,0.024609375,2.938515625,4.998046875,1.7703125,3.275859375,6.683046875,4.98921875,1.3234375,4.67703125,3.125,0.82828125,1.204453125,2.45109375,3.991640625,2.794765625,3.449296875,2.420546875,0.474609375,0.002734375,1.321640625,3.73640625,1.1840625,0.231640625,2.683359375,3.90078125,1.23578125,7.32515625,4.921875,0.36453125,1.767734375,2.700078125,6.460703125,8.080546875,2.876015625,0.892578125,1.404375,0.928046875,0.643828125,6.126640625,9.775625,7.954296875,0.287578125,0.790703125,5.10671875,0.456015625,24.30046875,30.533125,22.721328125
81,2.3059375,15.79703125,21.2978125,18.724609375,12.0759375,10.095390625,3.67234375,1.855625,2.521796875,7.894375,15.5815625,21.745625,2.42375,3.098828125,0.455703125,9.543125,34.832265625,6.9075,0.538359375,0.206015625,2.134609375,0.888984375,2.060546875,4.1534375,5.50296875,5.813671875,3.545390625,0.10453125,3.058125,4.7184375,2.34203125,3.464921875,9.029765625,5.58671875,2.157265625,4.475234375,2.775078125,1.3415625,1.58015625,3.24109375,4.97140625,3.79484375,2.608984375,1.745078125,0.500390625,0.35015625,1.419609375,3.089609375,0.405546875,0.486015625,3.791484375,4.34890625,0.871015625,7.124140625,4.514609375,0.375078125,1.185078125,2.202734375,6.962890625,7.196640625,2.95890625,1.117421875,1.46078125,1.2215625,0.23015625,5.834921875,9.589296875,7.5540625,0.720859375,0.83328125,4.168671875,1.270234375,25.07234375,26.6709375,22.888671875
82,1.291640625,15.353203125,18.758359375,17.05109375,17.751015625,12.3678125,3.0040625,0.72390625,3.2328125,8.170625,15.636796875,21.07546875,0.82546875,3.710078125,0.94671875,7.026328125,27.911953125,5.0715625,0.253515625,0.35078125,2.09765625,1.3228125,1.776640625,3.435703125,5.2003125,5.44203125,2.736328125,0.14640625,2.84265625,4.7115625,1.543203125,4.016796875,10.8353125,5.300546875,1.5765625,3.9428125,1.724140625,2.01046875,1.905859375,3.28453125,4.503125,3.015703125,3.435,2.448203125,0.64046875,0.35640625,1.03734375,3.153359375,0.59703125,0.309453125,2.8171875,3.933125,1.01859375,7.11640625,4.506640625,0.407578125,0.97640625,1.836640625,6.773046875,8.74203125,2.9965625,0.586875,0.7275,1.320546875,0.111953125,5.319921875,9.191171875,7.076015625,1.00359375,1.602578125,4.9715625,1.225625,25.2171875,24.476328125,22.915859375
83,1.063125,18.673515625,19.3696875,16.70046875,15.846953125,10.3384375,3.37484375,0.775390625,3.4353125,8.3496875,15.843125,21.7221875,1.42953125,3.89046875,0.2059375,10.3059375,35.8075,13.794140625,0.060546875,0.6478125,2.640390625,2.091328125,1.317734375,3.96296875,5.188203125,5.35359375,3.068671875,0.54140625,3.312421875,5.270390625,2.0159375,3.203203125,5.9646875,4.849453125,1.578203125,4.754140625,3.328984375,0.8121875,1.483203125,2.834921875,4.322109375,2.825234375,3.607421875,2.638046875,0.778125,0.022109375,0.80140625,2.77609375,0.410546875,0.40796875,2.7553125,3.645859375,1.7953125,7.67203125,5.082734375,0.163828125,1.134609375,2.42390625,5.89015625,7.54453125,2.386875,0.261015625,0.4734375,0.7296875,0.62546875,6.163046875,9.92109375,8.156953125,0.191796875,0.9134375,4.544765625,0.583203125,24.3190625,26.155078125,23.077734375
84,1.146484375,16.75046875,17.357734375,14.2503125,9.45109375,9.0265625,3.183671875,0.924453125,3.491171875,8.731328125,16.134296875,22.27265625,2.67296875,1.90125,1.169453125,6.576328125,37.729140625,24.9115625,0.103203125,1.185,3.04703125,2.117890625,1.564453125,4.30875,5.271640625,5.194921875,2.52421875,0.9196875,3.784375,5.6403125,1.58953125,2.76234375,4.82296875,4.505234375,0.8921875,5.546328125,4.142421875,0.260546875,0.468046875,2.042109375,3.635,1.989453125,4.24515625,3.33296875,1.36203125,0.456171875,0.990625,2.77890625,0.29515625,0.19765625,2.420078125,3.06421875,2.297109375,8.064765625,5.065390625,0.038125,1.363125,2.3828125,5.632421875,6.490546875,1.913671875,0.047578125,0.085546875,0.269453125,1.061796875,6.6875,10.161484375,8.382890625,0.0525,1.012890625,5.816484375,0.399921875,25.127890625,24.06515625,23.36125
85,4.79625,20.009921875,22.29109375,19.9328125,12.94203125,9.663203125,3.479296875,1.12203125,3.310390625,8.7765625,16.178203125,21.584453125,1.692109375,3.1434375,0.55,10.454140625,37.244609375,14.239375,0.02640625,0.961484375,2.52,1.869140625,1.45875,3.72953125,5.23171875,5.195625,3.34171875,0.5471875,3.444921875,5.4509375,1.921953125,3.085859375,6.533046875,4.78953125,1.455390625,5.096953125,3.595390625,0.49265625,0.97046875,2.1925,4.04734375,2.494765625,3.83046875,2.77109375,1.129609375,0.337890625,0.913984375,2.731171875,0.8046875,0.195078125,2.560546875,3.511796875,1.44046875,7.451875,4.9696875,0.048671875,1.015390625,2.31875,6.454921875,8.17203125,2.558984375,0.404609375,0.22609375,0.575703125,0.720625,6.144921875,9.734609375,7.73921875,0.424453125,1.04484375,5.05984375,1.195234375,24.870625,26.31484375,23.22375
86,2.924375,19.36671875,21.696171875,18.525859375,13.64359375,10.457265625,3.80796875,1.23734375,3.28578125,8.666328125,16.3396875,22.06734375,1.88953125,3.18265625,1.096484375,12.395234375,38.96109375,7.617265625,0.08671875,1.0878125,2.992734375,1.679765625,1.6240625,3.99484375,5.157734375,5.040078125,3.1509375,0.727578125,3.6546875,5.45015625,1.773984375,2.819609375,5.566328125,5.005234375,1.706796875,5.10890625,3.86703125,0.016796875,0.751796875,2.47578125,4.096484375,2.437421875,3.86859375,3.073671875,1.1753125,0.445234375,1.012109375,3.006640625,0.41546875,0.089921875,2.6521875,3.356015625,2.0140625,7.871875,5.145859375,0.118671875,1.29578125,2.20875,6.14125,7.55078125,2.182421875,0.08,0.7740625,0.28296875,1.138359375,6.59296875,10.03796875,8.173359375,0.0771875,0.664453125,5.646328125,0.56203125,24.804921875,27.186015625,23.33703125
87,0.3146875,18.787109375,19.668671875,16.8478125,14.274453125,10.166953125,3.52109375,1.301796875,3.275703125,8.657734375,16.136953125,22.28109375,2.2171875,2.745,1.159765625,9.09515625,37.31765625,7.29625,0.133046875,0.851953125,2.6559375,1.78140625,1.842734375,3.623984375,4.888125,5.342890625,3.1425,0.7415625,3.568828125,5.58484375,1.726171875,2.935078125,7.178046875,4.96375,1.47578125,5.220234375,3.573828125,0.502578125,0.920703125,2.3371875,3.883984375,2.25640625,3.9946875,2.924765625,0.982578125,0.235703125,0.88359375,2.749609375,0.568984375,0.015703125,2.691796875,3.28421875,1.8734375,7.743203125,5.113984375,0.026328125,1.29140625,2.2571875,6.26875,7.58515625,2.417890625,0.384921875,0.63171875,0.42859375,0.91796875,6.465703125,10.17078125,8.276328125,0.083359375,1.032578125,5.413515625,0.878046875,25.052421875,24.328046875,23.350390625
88,0.24359375,17.771796875,19.958515625,16.6384375,12.594453125,9.661953125,3.344609375,0.913515625,3.55125,8.717578125,16.1503125,22.179921875,1.879921875,2.9840625,1.426328125,8.1159375,35.815,6.6878125,0.251640625,0.998828125,2.73859375,1.810625,1.885,3.64421875,4.82203125,5.05171875,2.8746875,0.71859375,3.5703125,5.565234375,1.5275,2.830703125,6.65484375,4.825546875,1.2565625,5.254453125,3.704609375,0.35875,0.882421875,2.22859375,3.823984375,2.311953125,3.95390625,2.98265625,1.08171875,0.331015625,0.79109375,2.824296875,0.435625,0.05453125,2.619375,3.2875,1.779921875,7.750078125,5.200546875,0.059375,1.17390625,2.047890625,6.245859375,7.741640625,2.346953125,0.13296875,0.464609375,0.4796875,0.788984375,6.337109375,10.015234375,8.129765625,0.138203125,0.878046875,5.7259375,0.7884375,25.221328125,25.1559375,23.33046875
89,1.051484375,19.396015625,19.9903125,16.895078125,12.831015625,10.089296875,3.4540625,1.115,3.363046875,8.700078125,16.298359375,22.21515625,1.8915625,3.1078125,0.235859375,9.67671875,37.329765625,6.795,0.158984375,1.00859375,2.776875,1.800546875,1.780625,3.525625,5.009296875,5.044921875,2.906484375,0.668203125,3.5628125,5.431953125,1.6378125,2.804140625,6.35390625,4.906171875,1.39265625,5.32953125,3.75796875,0.34265625,0.9271875,2.25046875,3.85234375,2.300546875,3.943125,2.998984375,1.145234375,0.310703125,0.813046875,2.850234375,0.4590625,0.01484375,2.640625,3.28859375,1.882890625,7.795703125,5.16359375,0.07546875,1.165390625,2.048671875,6.1834375,7.638203125,2.44171875,0.305,0.571328125,0.433515625,0.88421875,6.445703125,10.067265625,8.18703125,0.139375,0.78828125,5.56046875,0.90703125,25.114375,28.391171875,23.298515625
90,0.37890625,18.093515625,19.69265625,17.019921875,12.5384375,9.841484375,3.349453125,1.08078125,3.402890625,8.7709375,16.328515625,22.483125,2.166875,2.935703125,0.7840625,9.0159375,36.685546875,6.8053125,0.227421875,1.110546875,2.9521875,2.029140625,1.45,3.41375,4.725390625,4.940078125,2.828359375,0.91125,3.76546875,5.6453125,1.545625,2.699375,5.85171875,4.83828125,1.242265625,5.33765625,4.015703125,0.00265625,0.648828125,2.08,3.708671875,2.108671875,4.10765625,3.11390625,1.212578125,0.424921875,0.727890625,2.74,0.314609375,0.176640625,2.4803125,3.107734375,2.05953125,7.9446875,5.261171875,0.22046875,1.077578125,1.93875,6.02078125,7.55140625,2.320234375,0.10703125,0.32234375,0.303671875,1.059453125,6.58171875,10.243046875,8.303671875,0.013515625,0.638984375,5.645,0.81640625,25.129296875,26.189921875,23.42421875
